time,v_port,i_port,v_port_clean,i_port_clean,v_src,density_state,asym_state
0.0,41.88143814718579,1.5478086351259372,42.273701916798956,1.540157135336767,0.0,0.0,0.0
2e-09,91.61194723623817,1.4474313753103927,90.93533230581387,1.4351427539561885,32.18009094323571,1.745627516518088e-10,2.78752052478812e-10
4e-09,132.95249764301,1.5324672288690575,133.6535101240505,1.5339392368542395,63.428054503572234,3.642770891671264e-10,7.404841264597295e-10
6.000000000000001e-09,191.72774906740005,1.203152537895644,191.09856179608238,1.1921000288514483,92.83876326711244,5.89220575376274e-10,1.2644669088393187e-09
8e-09,211.13950082700126,0.41195008628684154,210.85102798567883,0.4275722690168267,119.56030767781039,8.06942617859284e-10,1.8139561311714438e-09
1e-08,215.66796027448905,-0.005373617823710937,215.7726865086921,0.01111329305348345,142.81867241972108,9.517441380610064e-10,2.3659834081015004e-09
1.2000000000000002e-08,207.1987793235134,-0.3372818740409356,207.26120673793156,-0.3422901466446219,161.94015651742978,1.065615170272474e-09,2.917983180868696e-09
1.4000000000000001e-08,188.67662649758438,-0.5856237626918551,188.43097981371056,-0.5941410345030134,176.3708877348205,1.2122272486265818e-09,3.468375671334162e-09
1.6e-08,163.0569841178743,-0.7419548051485731,163.35892994489973,-0.7297488997679892,185.69286601879477,1.3749361961145875e-09,4.014956906083226e-09
1.8000000000000002e-08,136.40007814935652,-0.756067571959608,136.1768751636019,-0.7596308538014452,189.6360712741138,1.537617022363488e-09,4.553387805370323e-09
2e-08,110.23446672057416,-0.7158036556066584,110.22568517638211,-0.7148203486773718,188.08628475598414,1.6874468325057594e-09,5.075387252749218e-09
2.2000000000000002e-08,87.22232263098174,-0.6346181643304398,87.46488637320003,-0.6374642942284958,181.08839752620378,1.8167510583648833e-09,5.567963622890248e-09
2.4000000000000003e-08,68.24100808153506,-0.5721952065105178,68.26280758970043,-0.5698321968235881,168.84511014024423,1.9235445399115906e-09,6.015809035946054e-09
2.6e-08,51.30485574608039,-0.5510482984100138,51.594663371180715,-0.5448542404847465,151.71106123008727,2.0107249814537692e-09,6.405374059549259e-09
2.8000000000000003e-08,35.89714600880812,-0.5980339943314373,35.574080138411425,-0.5791333660140909,130.18255505407896,2.084204089325917e-09,6.724881599183488e-09
3.0000000000000004e-08,18.974592976582162,-0.6746786000608482,18.16318597756549,-0.6672822433105935,104.88318556523105,2.1505095166528585e-09,6.9584732336085655e-09
3.2e-08,-2.4351767434040585,-0.7907749887351193,-2.1325656680657405,-0.7776225187831395,76.54577341070208,2.2144980388208632e-09,7.080191293800516e-09
3.4e-08,-25.65772267508847,-0.8506463436832078,-25.767051703366374,-0.863755244203139,45.99113907469533,2.2799421424749044e-09,7.057198621321538e-09
3.6000000000000005e-08,-52.42926358679549,-0.8946287699986853,-51.97754520447098,-0.8948662201314805,14.104327021171603,2.3666194592276196e-09,6.869729710446558e-09
3.8e-08,-79.40083873860263,-0.8406268480559427,-78.96500176473346,-0.8637130200947594,-18.19103047297835,2.471774814745061e-09,6.534236299794807e-09
4e-08,-103.74680052569848,-0.7626016131447643,-104.36902031380332,-0.7713108339007565,-49.9594672179941,2.5892286051393473e-09,6.096374162903293e-09
4.2000000000000006e-08,-125.6399055011287,-0.6123385533236096,-125.89758577668215,-0.6264271564808911,-80.28077979200962,2.7108335083353887e-09,5.601201967820617e-09
4.4000000000000004e-08,-141.9835806928846,-0.434920358514393,-141.93172951337408,-0.45117871630403594,-108.27668212101878,2.8284537147789726e-09,5.07772252408277e-09
4.6e-08,-152.34222901541077,-0.271829978716398,-151.93388670657313,-0.27648981370740805,-133.1362458824178,2.935900952206327e-09,4.541146633285585e-09
4.8000000000000006e-08,-157.28301817655134,-0.14265301855147808,-156.5434818982478,-0.13217435806489686,-154.13938982628719,3.0302749344050854e-09,3.998980149488827e-09
5.0000000000000004e-08,-157.90361862496044,-0.01768377763489833,-157.3295594106353,-0.03744475471745619,-170.67773762356094,3.1123191964130984e-09,3.455028706000464e-09
5.2e-08,-155.94325171490573,0.03215140506495856,-156.2652440872451,0.0052951626367609,-182.27224007338566,3.1865481774680945e-09,2.911281126054333e-09
5.4e-08,-155.07701455359162,0.012304385108736233,-155.06727925055145,0.011822519079441042,-188.58705122543012,3.263194462120612e-09,2.368625339734932e-09
5.6000000000000005e-08,-154.68083478745385,-0.020407191293980793,-154.58485985169966,0.01222501469523955,-189.43925648187545,3.3381517369048134e-09,1.8271409703746842e-09
5.8e-08,-154.95628950886095,0.04551303779762311,-154.414156936775,0.042696846377206804,-184.80417089522464,3.411089188571559e-09,1.2864779889456034e-09
6.000000000000001e-08,-153.13171322631803,0.15406095467681707,-152.8596802007709,0.13512121341804584,-174.81605419162383,3.4854698794533153e-09,7.46478812183507e-10
6.2e-08,-147.514138589207,0.3030095079960361,-147.27470825604837,0.3072694310808427,-159.7642218083552,3.5674084304695565e-09,2.0786453420506173e-10
6.4e-08,-134.32406193035692,0.5574943019752723,-134.713111779269,0.5565167147372155,-140.08466459305183,3.6636198575240665e-09,-3.269967909142431e-10
6.600000000000001e-08,-112.6255492480553,0.8685347665824453,-112.73981371516489,0.8601362397747081,-116.34741990813357,3.778967039587483e-09,-8.523119916785413e-10
6.8e-08,-81.0472412504339,1.1934077586357739,-80.1991864394697,1.187487818733813,-89.2400599486084,3.914244250994738e-09,-1.3530273095925516e-09
7e-08,-38.74649690687688,1.4907695701810977,-37.742926406409346,1.5043435991631136,-59.54777555004439,4.06480212909608e-09,-1.7860496987507504e-09
7.200000000000001e-08,12.273369481111649,1.7003800017914104,12.028269832962124,1.6852184514157222,-28.13063237843195,4.220430285240955e-09,-2.037542573847319e-09
7.4e-08,64.85687091397554,1.6510817749002178,64.8641079109465,1.645807213062255,4.101341701659125,4.378904024104699e-09,-1.9489704871419537e-09
7.6e-08,115.24267477513465,1.4555644323116024,115.55356996975793,1.4577415815821735,36.21451646221172,4.5654807846709016e-09,-1.5635391896482318e-09
7.800000000000001e-08,159.11216704165568,1.1569685103218739,158.8559910533287,1.1664427233338204,67.27870281212182,4.76257738605778e-09,-1.0564246575278721e-09
8e-08,190.26374957168866,0.7954039990597548,190.466229177404,0.7841443378274754,96.39409662170792,4.951394048276032e-09,-5.14526099044408e-10
8.2e-08,208.4320512203177,0.36373707162025914,207.79521767079356,0.358130996374754,122.71734241749851,5.1151387240304126e-09,3.673285717209619e-11
8.400000000000001e-08,210.90972140429798,-0.041189251642773775,210.38971493641284,-0.05219253054345301,145.48596198722458,5.2417861670619505e-09,5.902703295708546e-10
8.6e-08,199.55821750116615,-0.40122758205085707,199.90034114145837,-0.39337440278286845,164.04044029691065,5.350585471304963e-09,1.1435469321955394e-09
8.800000000000001e-08,179.58725493516056,-0.6591656847276159,179.6139550310158,-0.6296959285036644,177.84332898016265,5.489757036227873e-09,1.6947535793902765e-09
9.000000000000001e-08,153.09515649245657,-0.7505863338540563,153.66864219413947,-0.7498058878570897,186.49481404865244,5.642561076563863e-09,2.2410941071820625e-09
9.2e-08,125.59981171655966,-0.7687333744209616,126.14190321598672,-0.7673429130732987,189.7442968900484,5.793164885469886e-09,2.776945375858995e-09
9.400000000000001e-08,101.14538071880088,-0.7178548035912564,100.22749143394343,-0.7154444963080324,187.49765309860942,5.929336831904515e-09,3.291735580401886e-09
9.600000000000001e-08,77.51365484456625,-0.6100909607038625,77.68818458247777,-0.6367850837023037,179.81995887941264,6.044141053047826e-09,3.769506545177628e-09
9.8e-08,59.39987217614801,-0.5549153991976187,58.698331893626275,-0.5726769167634349,166.9336060532848,6.1363026597465765e-09,4.1925807832718324e-09
1.0000000000000001e-07,41.77073433898575,-0.5568020569506921,42.090325993770485,-0.554114326093802,149.21186026313939,6.2092442552723935e-09,4.546519970814666e-09
1.02e-07,26.229168537446608,-0.5652303557475764,25.918621911193313,-0.5946584502754051,127.16804897448606,6.269116481636211e-09,4.819422382662029e-09
1.04e-07,8.393207961764302,-0.6712069468177205,8.178878100984532,-0.683951331797864,101.44069245011299,6.322378014590766e-09,4.995201800423281e-09
1.0600000000000001e-07,-12.131213819122426,-0.7597936151614887,-12.512984945582364,-0.7866326851751178,72.77500839460309,6.3735673077870095e-09,5.048874339035177e-09
1.08e-07,-36.77429223807006,-0.8562456387285624,-36.45898836376191,-0.861123038226236,42.001326004501905,6.436617026951608e-09,4.9536666013150936e-09
1.1e-07,-63.77086528287409,-0.8869406887017005,-62.74845698096153,-0.8834633860838054,10.01103468200421,6.5205657494061495e-09,4.702422138982433e-09
1.1200000000000001e-07,-89.43014271393102,-0.8508266444172897,-89.48099182096853,-0.8456481378702486,-22.269235919131926,6.622148364327129e-09,4.322312426842096e-09
1.14e-07,-114.73717072713283,-0.7494785296914576,-114.27007508945263,-0.7463114777277879,-53.90445661555927,6.734816109993236e-09,3.859051417181545e-09
1.16e-07,-134.36073667829046,-0.6035743858568662,-134.8798912121607,-0.5955659218033162,-83.97828271679091,6.850287573724769e-09,3.351199565382576e-09
1.1800000000000001e-07,-149.7801400475832,-0.4305966534890205,-149.8138281533076,-0.41762069023280946,-111.61959683329137,6.960555210284346e-09,2.8218214815609168e-09
1.2000000000000002e-07,-159.4442019515109,-0.23973188286133185,-158.68802554458514,-0.24416046833401944,-136.02774163215355,7.059774505178234e-09,2.2826712421681455e-09
1.22e-07,-162.1567190952115,-0.10974316765281952,-162.28311569702095,-0.10426521634987315,-156.49571164925595,7.145496362697716e-09,1.7395410978334261e-09
1.24e-07,-162.92453431365445,-0.046102687929065536,-162.2560682935585,-0.015322204612232476,-172.43063238468054,7.218883314504995e-09,1.1954146028478318e-09
1.2600000000000002e-07,-160.32148448034124,0.021296311990430437,-160.58829450962077,0.02257939405256009,-183.37093348463233,7.28915683136418e-09,6.518800313416733e-10
1.28e-07,-159.00750712548177,0.021753920238901086,-158.92087837677167,0.027331129369165832,-188.9997185720807,7.361007550293405e-09,1.096392810372563e-10
1.3e-07,-157.80122947975008,0.04545660842053794,-157.9629640578902,0.03030189877355303,-189.1539444560751,7.430738439240719e-09,-4.3127863993467395e-10
1.3200000000000002e-07,-157.6379631228668,0.048640099740274806,-157.1451397426488,0.06771854151644674,-183.8291438350819,7.49849687671209e-09,-9.71177529419607e-10
1.34e-07,-153.7168279125086,0.1581103114352854,-154.6291456063646,0.1701667542682535,-173.17955469668365,7.568142775449835e-09,-1.5101146050767853e-09
1.36e-07,-148.02945829475544,0.3783353837404626,-147.69353819241536,0.3530788373920785,-157.51365266545312,7.645971014058391e-09,-2.047239170355018e-09
1.3800000000000002e-07,-134.19847295856363,0.620372995537613,-133.41549845285664,0.6111062305185312,-137.28521570885732,7.7385772774171e-09,-2.579948214756267e-09
1.4e-07,-109.8025848249114,0.9028005680229766,-109.48750830619831,0.9196496373038995,-113.08018002060572,7.850399349353026e-09,-3.1017648876975104e-09
1.42e-07,-75.67652508377164,1.2541920156197046,-74.96556225397582,1.2492505502101992,-85.5996678134619,7.981576512048801e-09,-3.595339721829692e-09
1.4400000000000002e-07,-30.684381322552113,1.5488984307364673,-30.754492873096144,1.5588120283413112,-55.63967863787979,8.126716551837288e-09,-4.010183775687466e-09
1.46e-07,19.37278565972564,1.7003986313153971,20.305465560084066,1.7102905148479506,-24.06803248700966,8.274953262584695e-09,-4.21750793540256e-09
1.48e-07,74.17512833928772,1.6295128867664561,73.79257879647228,1.6436580087802846,8.200767446714378,8.432116464447403e-09,-4.069278943509519e-09
1.5000000000000002e-07,123.91227153695128,1.4374008497889217,124.43308789231423,1.44295032271621,40.23202423889308,8.615615722539963e-09,-3.650022499659015e-09
1.52e-07,167.70413683175207,1.1260556316700985,167.04891634924272,1.138527802268511,71.09792163141385,8.807513590757614e-09,-3.130156942871122e-09
1.54e-07,197.35144191657227,0.7578340235166283,197.5111815830247,0.7469621842516266,99.90439912556448,8.989064391835867e-09,-2.582665729373254e-09
1.5600000000000002e-07,213.0969470607624,0.3037120500007757,213.48334210310702,0.31879894528312447,125.81704930700562,9.143918648182736e-09,-2.0278795554551363e-09
1.58e-07,215.18971304536186,-0.07027814572693668,214.7865961684224,-0.08639402681218891,148.08528726159733,9.260776079773431e-09,-1.4714438325932368e-09
1.6e-07,203.2036092973297,-0.38572168765514103,203.30951159311041,-0.4168205201003094,166.0640919916369,9.366890222238233e-09,-9.154563497563087e-10
1.6200000000000002e-07,182.45502749924245,-0.6296582594657804,182.49173231910063,-0.639550850057402,179.23269007139902,9.501683398441098e-09,-3.615275087893557e-10
1.64e-07,157.4658238525263,-0.7327924643859253,156.51132415099872,-0.7464043470817371,187.20964035187606,9.648349585738892e-09,1.8775666834378882e-10
1.66e-07,129.62687582167058,-0.7311264371930087,129.37237423074964,-0.7537721886825318,189.76388277169147,9.791365925698883e-09,7.272252374264615e-10
1.6800000000000002e-07,103.90825868995262,-0.7080680535310447,104.10762436491305,-0.69652425674013,186.82143123471283,9.919088370566008e-09,1.2473782567382093e-09
1.7000000000000001e-07,82.57225013325727,-0.6201595853249341,82.27631253895304,-0.6178597351033617,178.46751668871198,1.0025289650942322e-08,1.734268625472873e-09
1.72e-07,62.95232662543706,-0.5786330785852534,63.85938084324124,-0.5584735430395502,164.9441183287279,1.0109348891733961e-08,2.172705116918286e-09
1.7400000000000002e-07,47.468037153137736,-0.5544944722326792,47.55293823299424,-0.5477299010488909,146.64295443621043,1.0175136800178622e-08,2.5498543757549723e-09
1.7600000000000001e-07,31.642912511090653,-0.5740529277106279,31.362119946017128,-0.5971843925308457,124.09413588105284,1.0228955078132983e-08,2.853606077987245e-09
1.78e-07,13.599990957637834,-0.7035304600897626,13.326084051633336,-0.6949786183698454,97.9508109487697,1.0277105375258163e-08,3.065921664554103e-09
1.8000000000000002e-07,-7.292697624951135,-0.8043470630973194,-7.8215988480215906,-0.8034601378069752,68.97024627022226,1.0323729249029308e-08,3.158196347751279e-09
1.8200000000000002e-07,-31.520497843479845,-0.8892700873273227,-32.2285652716814,-0.8774389440626192,37.99189186301437,1.0377455191638253e-08,3.098383449221941e-09
1.84e-07,-58.36764016359107,-0.9052422085346148,-58.83868668655661,-0.8928723946653928,5.913065651791761,1.045212296542985e-08,2.8743986245659125e-09
1.8600000000000002e-07,-86.30695642445416,-0.8185679758242567,-85.65653393282398,-0.8459304277289246,-26.337038211214356,1.0544017709961988e-08,2.5123215469847157e-09
1.8800000000000002e-07,-109.65958146858523,-0.7645849629845672,-110.27721377987855,-0.7388792943135012,-57.82426435133118,1.0646293042191764e-08,2.0603949813105535e-09
1.9e-07,-130.317593123892,-0.5653363383046688,-130.52730051305164,-0.583701074324905,-87.63655488318717,1.0750608588422534e-08,1.5601280214590225e-09
1.9200000000000003e-07,-145.2675890206116,-0.4097424384981157,-145.03446119959207,-0.4055292793902232,-114.91036804735515,1.0849154055579415e-08,1.036457775735013e-09
1.9400000000000002e-07,-153.58996037331323,-0.26323384398400795,-153.5644664390242,-0.23599698682601644,-138.85569153059265,1.093648237914519e-08,5.021163483638678e-10
1.96e-07,-157.0902780275276,-0.11886503829141676,-157.0288240733818,-0.10303365168718177,-158.77892593473524,1.1010627890240755e-08,-3.660774629791382e-11
1.98e-07,-157.39968473872176,-0.024163692018268075,-157.15713069340998,-0.022002618523572843,-174.1029755524778,1.1073181363745593e-08,-5.764865159750963e-10
2.0000000000000002e-07,-156.29703050204895,-0.00575016062623652,-155.92134561226868,0.009384906298781692,-184.38396450134445,1.1131761896888676e-08,-1.1158504458892426e-09
2.02e-07,-154.4770217430165,-0.0038420336727910554,-154.8698253984064,0.011100455200560695,-189.32409401689293,1.1191441280445944e-08,-1.65404097655102e-09
2.04e-07,-154.16877296787607,0.01118907124051692,-154.55814646636864,0.01568961680362834,-188.78026848125714,1.1249004563879928e-08,-2.1911337429270516e-09
2.0600000000000002e-07,-154.41419974989816,0.04630310981976987,-154.24323873040697,0.0592661614694651,-182.76824032578287,1.1305128923115502e-08,-2.7274955879817293e-09
2.08e-07,-152.18127941516434,0.1755339554824296,-151.94182500406805,0.17097058087517478,-171.46215374665536,1.136410077989917e-08,-3.2631244028168283e-09
2.1e-07,-144.6485261955664,0.3656165102419921,-144.86007296482987,0.36379360444640263,-155.1895004502355,1.1432407358475307e-08,-3.7969679188700905e-09
2.1200000000000002e-07,-130.78202947907948,0.6267360359991002,-130.102803751542,0.629634802927223,-134.42163353980538,1.1516527928842221e-08,-4.326039411360472e-09
2.14e-07,-104.42283953266845,0.9404472568308102,-105.49310970845175,0.9419770099545742,-109.76011431815233,1.1620479173058042e-08,-4.8430368169900376e-09
2.16e-07,-70.290559062894,1.2693938666962414,-70.29725168330833,1.2714609950306106,-81.91928748402029,1.174375986139945e-08,-5.328424276018242e-09
2.1800000000000002e-07,-25.901612627487786,1.5533090715114568,-25.66526836890733,1.5694636015268495,-51.7055894486806,1.1880265945697131e-08,-5.725917020281857e-09
2.2e-07,25.31409543054386,1.6947695298294931,25.338192402451902,1.695619433744035,-19.99418912719527,1.2018523941355062e-08,-5.899085314183241e-09
2.22e-07,78.29383236898256,1.6381869322720266,78.14114372332203,1.608034360780766,12.296362173607603,1.2169164329037701e-08,-5.715640317756865e-09
2.2400000000000002e-07,128.09240951696364,1.4092427570604336,127.43168633876856,1.3938214522908372,44.23073747999635,1.2343772074749651e-08,-5.281088418026114e-09
2.26e-07,168.00703271076372,1.0608203005767527,168.11879289921652,1.07664533843387,74.88392679956934,1.2524151440219181e-08,-4.756402523333954e-09
2.28e-07,196.62002863908012,0.6787488780029143,196.27054711469364,0.6778957383081039,103.36803092817676,1.2691712998343653e-08,-4.2067840228936775e-09
2.3000000000000002e-07,209.76993696626303,0.23943033121694682,209.81707546850146,0.2502259580089205,128.85798030705135,1.2830646135358463e-08,-3.6504805021772326e-09
2.32e-07,208.17029025963026,-0.15032901395948023,208.86025505153972,-0.14708217907827198,150.61543395863993,1.293045611425732e-08,-3.092749858011794e-09
2.34e-07,195.78134144349886,-0.47007059059368445,195.52537171363596,-0.464150105431616,168.01016624540316,1.3032240835497332e-08,-2.535735147712685e-09
2.3600000000000002e-07,173.33959793025636,-0.6771895727072794,173.39823294568146,-0.6710375484695623,180.53832196347258,1.3160270307500136e-08,-1.9813474982530785e-09
2.3800000000000001e-07,147.04970602981584,-0.7530652851141266,146.68805245842805,-0.762924360413177,187.83701099477375,1.3297745196977635e-08,-1.4329033447026164e-09
2.4000000000000003e-07,118.8278173864065,-0.7680349665893804,119.31794413208695,-0.7591382787571636,189.69481976942762,1.3429522227985515e-08,-8.970950570856514e-10
2.42e-07,94.24804109159594,-0.6991102031043828,94.15626902620757,-0.6962862863913816,186.05793506378294,1.3544602073477012e-08,-3.8595822257831526e-10
2.44e-07,71.86579492797826,-0.6398893310674004,72.56118694218681,-0.6176803618575978,177.03170275236093,1.3637505601731056e-08,8.360403710671496e-11
2.46e-07,54.20783268298837,-0.5608730019043165,54.32850587029469,-0.5627669940003232,162.8775763629566,1.3708288371654597e-08,4.943833372676687e-10
2.48e-07,37.795952265793794,-0.5625580155519024,38.030498950773755,-0.5587532837482573,144.00554382294578,1.3761280098315137e-08,8.32969307861086e-10
2.5000000000000004e-07,20.771770135306852,-0.5995630043391107,21.636800337358384,-0.6137171521954835,120.96225176339377,1.3802942068009151e-08,1.0871302534858158e-09
2.5200000000000003e-07,2.7183473111338197,-0.7115531599502604,3.2420247595266716,-0.7105107857784387,94.41517137196092,1.3839435242660206e-08,1.2386605854528772e-09
2.54e-07,-18.29040850671375,-0.8132462440995348,-18.29533702986302,-0.8095489208791371,65.13326444594239,1.3874536989133925e-08,1.260800645743805e-09
2.56e-07,-43.30367060116552,-0.846875436215969,-42.967654322395916,-0.8721985839842171,33.96470967188792,1.3927122050521926e-08,1.1294070802753924e-09
2.58e-07,-69.50878033570808,-0.878462766585172,-69.57900872686092,-0.8797349734971107,1.8123343115817114,1.4000176412118386e-08,8.456929775132466e-10
2.6e-07,-95.7869683991902,-0.8213672285124918,-96.04975592057717,-0.8261297856363718,-30.39253706067713,1.408949919780145e-08,4.441212697470302e-10
2.62e-07,-119.57692816741232,-0.7081227634614394,-119.97003893206265,-0.7121945887965414,-61.7170592729529,1.4187927917601574e-08,-2.946249696454012e-11
2.6400000000000003e-07,-139.25337517418697,-0.5601235253361035,-139.24180760378755,-0.5517981519293916,-91.25388731612988,1.4287055054482451e-08,-5.403887316292064e-10
2.66e-07,-153.06528391618303,-0.3832612412128748,-152.62688694815046,-0.37191677758526875,-118.14745846754028,1.4379260484723047e-08,-1.0690356304744018e-09
2.68e-07,-159.9285080685115,-0.1999134413418702,-160.04582633146205,-0.2045443743146418,-141.61877449071577,1.4459480254493257e-08,-1.6055888921781045e-09
2.7e-07,-163.05815146882225,-0.0854609948687685,-162.54129138342492,-0.07655151826854784,-160.98796607091626,1.4526205359964627e-08,-2.1451821700783363e-09
2.72e-07,-161.58525367070303,0.01929883636829016,-161.9123149280148,-0.0012897684250842145,-175.69398588579608,1.4581415152708556e-08,-2.6852713882045792e-09
2.74e-07,-159.7869430937107,0.03689630197357384,-160.11729133029337,0.025859422599795696,-185.31085988242012,1.463706287518905e-08,-3.2245205103730638e-09
2.7600000000000004e-07,-159.2330947505845,0.04097587470241013,-158.60984151048746,0.02682458494273907,-189.5600260267051,1.4693056288533989e-08,-3.76241799880983e-09
2.7800000000000003e-07,-157.56274364993615,0.029687906255840273,-157.79475812238212,0.035143299362082825,-188.31840312150413,1.4746620706334203e-08,-4.299062063863906e-09
2.8e-07,-156.42197526635388,0.10935476419341078,-156.76449606673896,0.08661762631511243,-181.62195597223757,1.4798905205862812e-08,-4.834755278368336e-09
2.82e-07,-153.82950687003694,0.19746628274824468,-153.40640075676095,0.20878458522589619,-169.66465363160236,1.4854549430612581e-08,-5.369387610300595e-09
2.84e-07,-145.01623192567948,0.40682425814425716,-144.8747818470016,0.41212066443389006,-152.79285089881188,1.4920149974308735e-08,-5.9017641808046955e-09
2.86e-07,-128.22444695886313,0.6803176063478799,-128.3246797713182,0.6858634519376632,-131.49525581865893,1.500198647520993e-08,-6.428599339327817e-09
2.8800000000000004e-07,-101.76972921580821,1.0119066370842271,-101.73098779065613,1.0021866127993924,-106.3887737814695,1.510358197262157e-08,-6.941665935259193e-09
2.9000000000000003e-07,-64.91125919939705,1.3217199620565463,-64.5868514555064,1.3333407596073608,-78.20063826326016,1.5223742533041495e-08,-7.418302811456172e-09
2.92e-07,-18.03093851235019,1.6221076137427557,-18.29742964432119,1.6177446240511877,-47.747345806435,1.535562640656776e-08,-7.792674142841788e-09
2.94e-07,33.8436704655591,1.6957478082561328,33.84554268422936,1.7123982595200267,-15.911005409644023,1.5487154000253188e-08,-7.91442184410645e-09
2.96e-07,86.95930757055463,1.6156727311622705,87.1231827845312,1.60220719469024,16.386212610455974,1.563733043337736e-08,-7.675499145847315e-09
2.98e-07,136.2556828317124,1.3897914271237815,136.19216725257957,1.3756954197678333,48.20878817217455,1.580957853570453e-08,-7.214367603913999e-09
3.0000000000000004e-07,176.1016973435702,1.0749903306362418,176.05511392362365,1.0458105142951812,78.63494967058622,1.598544864375524e-08,-6.6797995335103736e-09
3.0200000000000003e-07,203.32114568497522,0.6592668150742054,202.98011870765245,0.6394491143460662,106.78337398142536,1.6146509539843986e-08,-6.12552936708213e-09
3.04e-07,215.0415377104679,0.2455285725560191,215.1609403872246,0.2115458625515953,131.8387148357247,1.6277477847144505e-08,-5.566090063415804e-09
3.06e-07,214.10733055176328,-0.1695727366735623,212.97001265158244,-0.17899150803712133,153.07522011117584,1.636863052191157e-08,-5.005692635436833e-09
3.08e-07,198.96527486813318,-0.5020605697557814,198.75290197588828,-0.4842915681956354,169.8777539425857,1.6468558145335837e-08,-4.446138196929098e-09
3.1e-07,176.02780711166537,-0.6871242224552413,176.2211847654977,-0.6773757722934555,181.7596147257248,1.659297991841973e-08,-3.889154621362013e-09
3.1200000000000004e-07,150.39724345751543,-0.7524129329319041,149.59423487639188,-0.7565615538400208,188.37663289888155,1.672513062103176e-08,-3.3378131139912896e-09
3.1400000000000003e-07,122.62750021879766,-0.7371207127276054,122.69615836095579,-0.7437128649354577,189.537140146288,1.685025949278524e-08,-2.79823830496801e-09
3.16e-07,98.76567519303207,-0.6692229227525408,98.21872303413559,-0.6768640631178795,185.20752125581637,1.6958001826436986e-08,-2.281169548584377e-09
3.18e-07,76.78733883892089,-0.5909504377275444,77.31413165549351,-0.5995544409546834,175.51318781603052,1.7043589631750645e-08,-1.801287887854938e-09
3.2e-07,59.09498902508322,-0.526936103674138,59.59533587462128,-0.5503354286490245,160.73494554852178,1.7107692716590457e-08,-1.373399244547829e-09
3.22e-07,43.71455814375155,-0.5570702329858443,43.51843840624005,-0.5545965929945016,141.30086049924833,1.7155019198415668e-08,-1.0097276504880565e-09
3.2400000000000004e-07,27.5305027881226,-0.6326300003676022,27.027759222923173,-0.6184911739419725,117.77385969249868,1.7192100998890326e-08,-7.231835933691951e-10
3.2600000000000003e-07,8.207668706336143,-0.7226881316276836,8.282877301619697,-0.7234170761108751,90.8354254064982,1.7224871940958607e-08,-5.343349426546838e-10
3.28e-07,-13.55795320860607,-0.8408365027904796,-13.726671395752234,-0.8269454083609769,61.265855381694855,1.725667017452449e-08,-4.740177507519441e-10
3.3e-07,-38.507169255672146,-0.894123032669951,-38.83676363344405,-0.8872414563831664,29.921660743841958,1.7301186708514536e-08,-5.718713263252232e-10
3.32e-07,-65.47183235553095,-0.8733820118307656,-65.71532772975914,-0.8868560535084704,-2.2892436671539484,1.736609114285462e-08,-8.30910130814939e-10
3.34e-07,-91.67685838521793,-0.8129098286791621,-92.20545167879138,-0.8242261628155388,-34.43383792657118,1.7446760191187423e-08,-1.2166121060132458e-09
3.3600000000000004e-07,-115.90299953734622,-0.7037667806338017,-115.8999477866368,-0.7032763403808536,-65.58102284720604,1.753578855826324e-08,-1.680210765270126e-09
3.3800000000000004e-07,-134.58336592352674,-0.5435794854823082,-134.78147851036536,-0.5394608227177567,-94.82859016569458,1.762477609890842e-08,-2.18431743743271e-09
3.4000000000000003e-07,-147.24821402458812,-0.3551032391092397,-147.74653934305783,-0.36045552923895785,-121.3293558753528,1.7706358751655672e-08,-2.7077075646056898e-09
3.42e-07,-154.77718385759243,-0.18775167704738754,-154.8647587742185,-0.1979232777972328,-144.31569972832912,1.7775904342072346e-08,-3.2397438276357914e-09
3.44e-07,-157.5769627927193,-0.09068124587660525,-157.29818836979445,-0.07732719894137022,-163.12180009671323,1.7832386877393574e-08,-3.775142068954704e-09
3.46e-07,-157.08819095695208,-0.0012404474772454242,-156.8991043572076,-0.009847662415029726,-177.2029201384056,1.78781780692505e-08,-4.311160060934085e-09
3.4800000000000005e-07,-155.3643361357225,0.009039513180710838,-155.59446818042338,0.011499255293889066,-186.15118662533126,1.792314870939404e-08,-4.846415724383257e-09
3.5000000000000004e-07,-155.37864104264912,0.011193156539054882,-154.72675241718443,0.010544354993924185,-189.7074043850257,1.79680940605286e-08,-5.3804644193776604e-09
3.5200000000000003e-07,-154.6355413310113,0.021457198423076473,-154.53770380112783,0.02169924863487694,-187.76856413888882,1.8010747481412764e-08,-5.913508735202639e-09
3.54e-07,-153.7612990737846,0.08339390119514498,-153.94873434854622,0.08030383322687001,-180.39082626532576,1.805277584981343e-08,-6.445888354107677e-09
3.56e-07,-150.38143834216672,0.2183478597895644,-150.7169055695569,0.21215101321642293,-167.78789406020172,1.809919662937356e-08,-6.977398127946097e-09
3.58e-07,-141.57925371644853,0.4039665613589835,-141.94779416804784,0.42511828292077286,-150.32482361468576,1.815672463195352e-08,-7.506603453621639e-09
3.6000000000000005e-07,-124.36106377955902,0.7019600105535402,-124.8509847910069,0.7057684521149242,-128.5074496133494,1.8231442068410042e-08,-8.029762848657154e-09
3.6200000000000004e-07,-97.36955993091951,1.0082552024992215,-97.55537612362745,1.0248365085886522,-102.96773334447849,1.8326384191558716e-08,-8.537608537868654e-09
3.6400000000000003e-07,-60.126790655958516,1.3255751507993727,-59.77812632096769,1.3544555765965214,-74.4454573316103,1.8439682645939622e-08,-9.004641733453614e-09
3.66e-07,-12.659516307100173,1.6258418316691823,-13.169748926578151,1.6225054395620826,-43.766796818970086,1.8563793568963727e-08,-9.358005848403596e-09
3.68e-07,38.323978709910925,1.683619771957879,38.76777077390966,1.6912191896457305,-11.8203888083912,1.868608373192125e-08,-9.442467489076213e-09
3.7e-07,91.03405171741953,1.5925196713330667,91.19100705035574,1.5631318475193574,20.468408168840178,1.8830332934319905e-08,-9.17313506140604e-09
3.7200000000000005e-07,138.7296963152877,1.3451044481684986,138.75013190050308,1.3230577823800607,52.16431795466592,1.8994179672576875e-08,-8.700734184601266e-09
3.7400000000000004e-07,177.04430234620386,0.9937782828639354,176.56524116658017,0.9814407367402742,82.34923794056799,1.9159019049317953e-08,-8.162594476413017e-09
3.7600000000000003e-07,200.73683079105328,0.5785997421388325,201.12370165061535,0.5697593878232771,110.14883279545512,1.930667981823814e-08,-7.606592279778705e-09
3.78e-07,210.86441649805045,0.16991473745482477,210.89510067351833,0.14432504591825618,134.75786043211488,1.9422498936396147e-08,-7.045855330589446e-09
3.8e-07,206.32721891555337,-0.23249991799335726,206.526660926797,-0.23670421847461465,155.46349662121006,1.9497600567537537e-08,-6.484369149567565e-09
3.82e-07,190.85467416724114,-0.563857280636164,190.58137975286118,-0.5277046778281229,171.66598263283996,1.9593746509061112e-08,-5.924042974853467e-09
3.8400000000000005e-07,167.43359348348758,-0.7017894024312743,166.88909174652522,-0.704852778168621,182.89599782682646,1.971191329976747e-08,-5.366988430196882e-09
3.8600000000000004e-07,140.16753872316377,-0.7637667164964401,139.67049951178726,-0.7697961913157179,188.8282539778759,1.9835443007311963e-08,-4.817169966129021e-09
3.8800000000000003e-07,113.61532521616391,-0.7532714241713068,112.64396861676032,-0.747098884052872,189.29091756287875,1.9950044671355608e-08,-4.28248955355464e-09
3.9e-07,89.15291682343916,-0.6473291542313351,88.32269054282428,-0.6761354557992479,184.27058708469806,2.0046041142950253e-08,-3.776429965150871e-09
3.92e-07,67.93883485374359,-0.6021057544027696,67.65691682559442,-0.6001628557868071,173.91268125946345,2.0119410508721048e-08,-3.316519671909296e-09
3.94e-07,50.05340507388499,-0.5818508653690917,50.08628662431972,-0.556228704083675,158.51722682315437,2.0171455616569806e-08,-2.919192198978085e-09
3.96e-07,33.931943431361766,-0.5812827984394126,33.96382452075371,-0.5673176877333289,138.53016796771115,2.0207272332582396e-08,-2.5970126628389266e-09
3.9800000000000004e-07,17.05722097218734,-0.6210152609682464,17.22218690165802,-0.6356017498721992,114.53044913725002,2.023347277488039e-08,-2.3630534608502326e-09
4.0000000000000003e-07,-1.9928589542016328,-0.7284663372621276,-1.9030814312306794,-0.7371997769784273,87.21324534365267,2.0255783428774053e-08,-2.2378567876397563e-09
4.02e-07,-24.589714011662746,-0.8557956292086325,-24.28564544476613,-0.8299950011176456,57.36982575160526,2.0279085706072255e-08,-2.2492464001026977e-09
4.04e-07,-49.209414304137894,-0.8652229410942843,-49.605716993629095,-0.8796693354457905,25.86463380380176,2.0323510995363236e-08,-2.4171124771707156e-09
4.06e-07,-76.20370325210428,-0.8734541065925624,-76.40222905257673,-0.8720495641904573,-6.389752217433992,2.038771643000103e-08,-2.7312449685926558e-09
4.08e-07,-101.93019843440577,-0.8126015876580678,-102.45274967016154,-0.8026553433535575,-38.459052900586805,2.046662508180099e-08,-3.1515079854583627e-09
4.1000000000000004e-07,-125.50540280027249,-0.6516106437445536,-125.36635067653607,-0.6750161680425338,-69.4143500095346,2.055257379678496e-08,-3.633481464164872e-09
4.1200000000000004e-07,-143.27226269772504,-0.5072042954135596,-143.2188273824392,-0.50675025365266,-98.35899349652063,2.0637162780737756e-08,-4.146557865623094e-09
4.1400000000000003e-07,-154.33968032989773,-0.32176096619045463,-155.0501238678692,-0.3270448872939812,-124.45457383591541,2.0713275811018847e-08,-4.674172524226599e-09
4.16e-07,-161.31456133071285,-0.17327231432014176,-161.0828108747249,-0.1675331728152407,-146.94520736505706,2.0776695322310767e-08,-5.208133507900094e-09
4.18e-07,-163.14412116525332,-0.08407549651583404,-162.59754017942814,-0.05232512138708532,-165.17943118384673,2.08268481412385e-08,-5.744336334242021e-09
4.2e-07,-161.5594390007956,0.012398067025699937,-161.49613287835106,0.009555950438456112,-178.6290734062151,2.0866455925591596e-08,-6.280608589740278e-09
4.2200000000000005e-07,-160.01765854630648,0.02178859945985063,-159.67025098661824,0.027393547262424912,-186.90455216840127,2.0909368288361802e-08,-6.815844563584963e-09
4.2400000000000004e-07,-158.826159761498,0.011071053235888518,-158.35020332086148,0.026779103312213847,-189.76616024352197,2.0951600487960642e-08,-7.349711227546357e-09
4.2600000000000003e-07,-157.12095476176563,0.04391234675614695,-157.61900194369073,0.042804714577587805,-187.13100839267963,2.099134825397666e-08,-7.882407947881853e-09
4.28e-07,-156.32626323437233,0.08804653621781451,-156.23789810855308,0.1101549277321625,-179.0754263317414,2.1030734190371223e-08,-8.414195099130115e-09
4.3e-07,-152.01707985506738,0.263623539780613,-151.8507579459994,0.2527378342785853,-165.83275176747247,2.1075077115994674e-08,-8.944753104113682e-09
4.32e-07,-141.7609027505726,0.5058170940949438,-141.53578207183614,0.47578941401908414,-147.78657154572502,2.113112602569555e-08,-9.472484758246612e-09
4.3400000000000005e-07,-122.76230010636453,0.7676485072619348,-122.57965655338037,0.7633621236025022,-125.45961068834909,2.120468416250403e-08,-9.993258596537737e-09
4.3600000000000004e-07,-92.25066926168088,1.076821560100673,-93.28558834207554,1.0856344956336794,-99.49859115858669,2.129823080684249e-08,-1.0496549176031605e-08
4.3800000000000003e-07,-53.1705140074477,1.40829913094132,-53.60981116024768,1.4155383725158468,-70.65549893541873,2.1409177291951597e-08,-1.0952623375388652e-08
4.4e-07,-4.946243593156223,1.6890930285134285,-5.456251308098181,1.6633937846568305,-39.76580201413721,2.1529258791737475e-08,-1.1276745032724074e-08
4.42e-07,46.60747980839748,1.6931397938333024,47.46189242386493,1.7002425006721145,-7.724250269770568,2.1645295908724234e-08,-1.130415561726124e-08
4.44e-07,100.30432407403046,1.5356913120420483,100.1811587700325,1.5542695506223756,24.54104183634706,2.178972517091676e-08,-1.0986082640598615e-08
4.4600000000000005e-07,146.78404952618618,1.2796736595821507,147.35224379735521,1.301512146225571,56.0954789874292,2.1951751697826416e-08,-1.0493163577162676e-08
4.4800000000000004e-07,184.67806751565027,0.9449497813395422,184.2187195690573,0.9480393302619058,86.02505646632136,2.2112620209018974e-08,-9.947280469679653e-09
4.5000000000000003e-07,207.75635662548217,0.5356938531937459,207.48891444396162,0.5305352379014324,113.46283518401317,2.225441894501871e-08,-9.387343999762884e-09
4.52e-07,216.539433473438,0.10302806374080849,215.90343663111827,0.10675580653697186,137.61405340680176,2.2363088593388483e-08,-8.823791295721883e-09
4.54e-07,210.0785388439413,-0.2696583165473113,210.3724310464602,-0.2659948842928259,157.77914779673677,2.243056019242848e-08,-8.2598378930882e-09
4.56e-07,193.70057066775033,-0.5445709837789047,193.65860899126167,-0.5444095963698674,173.3740169386686,2.2525493240217965e-08,-7.69712021487631e-09
4.5800000000000005e-07,169.63544671751762,-0.7091558995351481,169.68917716979107,-0.707748438995352,183.94694040130344,2.2640665409666935e-08,-7.137569401004478e-09
4.6000000000000004e-07,142.13639036787586,-0.7738173034248397,142.66560527006237,-0.7607121843640806,189.19166325533698,2.2759550800718707e-08,-6.584853550180567e-09
4.6200000000000003e-07,115.9588746896807,-0.7325309662461958,116.18373340007072,-0.7301509189019728,188.95626704296978,2.2868325993831772e-08,-6.0461636514751245e-09
4.64e-07,91.31436018664039,-0.6550864716840628,92.56774587148523,-0.6565574887850703,183.24757024261342,2.2957984624030025e-08,-5.533444194272666e-09
4.66e-07,72.02343081492536,-0.5880971955643921,72.56296447592074,-0.58312457278296,172.23093076508448,2.3025207086847045e-08,-5.061839518757435e-09
4.68e-07,56.20351552196068,-0.554682139050376,55.43958251925002,-0.5457358457110646,156.22545620217554,2.307186160170438e-08,-4.64556404250242e-09
4.7000000000000005e-07,39.571072262674136,-0.564929810299996,39.45615056453183,-0.5654259883879356,135.69476056736656,2.3103348029200075e-08,-4.2964570487175005e-09
4.7200000000000004e-07,23.126695606400407,-0.6496774842185375,22.54397329656011,-0.6425803928062175,111.23353526861483,2.3126269373277088e-08,-4.028720604785339e-09
4.7400000000000004e-07,2.7014630695114796,-0.7384749217823801,3.02342972527841,-0.7517617358250817,83.55032329793332,2.314606051347266e-08,-3.865673167768995e-09
4.7600000000000003e-07,-20.432161657550527,-0.8681631275216846,-19.837378551234668,-0.8474930456185762,53.44699560000225,2.3165185590714625e-08,-3.83966694680339e-09
4.78e-07,-45.0025219085243,-0.8952505753665084,-45.563074065029284,-0.8930614472018574,21.795524106569413,2.320261361499196e-08,-3.976128817474476e-09
4.800000000000001e-07,-72.96772699619066,-0.873490482736259,-72.5682705978925,-0.8768239451198038,-10.487275771865573,2.325962018355962e-08,-4.268143859109057e-09
4.82e-07,-98.52378264408534,-0.7957376156864057,-98.57241413030265,-0.7987023071700025,-42.466301588994845,2.3330741428283084e-08,-4.674481739639331e-09
4.84e-07,-121.37242234435811,-0.6536529476375248,-121.20816467917801,-0.6648470747753501,-73.21525000729575,2.340813084581895e-08,-5.147629456507527e-09
4.86e-07,-138.76234916740557,-0.4948438429266629,-138.64876785789227,-0.49422222174685554,-101.8434480679288,2.3483462247344855e-08,-5.65453909637379e-09
4.88e-07,-150.80341863746574,-0.3097167766197523,-150.0766275892725,-0.3164745801397293,-127.52165239235899,2.3549929481684466e-08,-6.177285169368917e-09
4.900000000000001e-07,-155.94348889754963,-0.16470803576530624,-155.85994015381831,-0.162623004421345,-149.5060690169,2.360377290275086e-08,-6.7069831154513894e-09
4.92e-07,-157.26322290254308,-0.05068025272055495,-157.38485450636622,-0.055133886026652125,-167.15989810251457,2.3644892596462598e-08,-7.239177628325642e-09
4.940000000000001e-07,-156.42267336294003,-0.0054249491087495555,-156.58582980890137,-0.0007496147031421513,-179.9717794565698,2.3676358795800402e-08,-7.771540535940396e-09
4.96e-07,-155.1791779388727,0.004733317747993462,-155.30143662108398,0.012122883983334226,-187.57060457419328,2.3709483731732717e-08,-8.302953129024767e-09
4.98e-07,-154.8552754909851,0.007483296127272078,-154.63423996487924,0.010762371516427645,-189.73626615418203,2.374167506665752e-08,-8.833167952778801e-09
5.000000000000001e-07,-154.45921406780968,0.022195374333796685,-154.4976114365763,0.03081193504339185,-186.4060337193484,2.3771653366881748e-08,-9.362481293559237e-09
5.02e-07,-153.3788319746575,0.10821331886429708,-153.48757919357809,0.10614833384442013,-177.67637066531896,2.380203719325693e-08,-9.891160403415972e-09
5.040000000000001e-07,-148.93905058409507,0.26095229850443813,-149.13514188638754,0.25866438166362915,-163.8001401052046,2.383846662271702e-08,-1.0418754604429819e-08
5.06e-07,-138.9569854736481,0.49489360531346893,-138.4948550389811,0.4908890787945044,-145.1792804455613,2.3887731040797228e-08,-1.0943385287487472e-08
5.08e-07,-119.709954984605,0.7912701480846321,-118.9346079544564,0.7843593632828395,-122.35316285263103,2.395535689203586e-08,-1.1460371801917543e-08
5.1e-07,-88.83482036427347,1.1203801515813236,-88.93307913430627,1.108395584819132,-95.98296784611082,2.4043275780642228e-08,-1.1957860012605091e-08
5.12e-07,-49.31377693127509,1.4329434554004454,-48.68106993008586,1.4344650238857024,-66.83253356745242,2.4148201133544862e-08,-1.2402448838460107e-08
5.140000000000001e-07,-0.23056203175899898,1.672411945539577,-0.3243064266888588,1.6617126082598928,-35.746230471125266,2.426118729597601e-08,-1.2701352350279244e-08
5.16e-07,53.36258156791577,1.6466467842147559,52.231246662960785,1.6732120011890919,-3.6245033197109215,2.436856472713579e-08,-1.2690148106236004e-08
5.180000000000001e-07,103.65022101447093,1.5201319201574872,103.92541762942429,1.5118625709976061,28.602211067436034,2.4507481001262893e-08,-1.2347243350503679e-08
5.2e-07,149.23411654600815,1.2390457349076178,149.43442529622203,1.245483720911404,60.00043481437658,2.4661440050868067e-08,-1.1846159715907569e-08
5.22e-07,183.80947468042717,0.8768018830492539,184.14829413819172,0.8816125410242681,89.66068807593369,2.481163684767546e-08,-1.129759850270263e-08
5.24e-07,205.42639400029944,0.4522827930891927,205.01396136880246,0.46073354397539545,116.72383299890171,2.494051972608817e-08,-1.073623815673965e-08
5.26e-07,210.99814808835325,0.054646438034719205,211.05324674279137,0.041347782017153736,140.40595947891137,2.503472241952653e-08,-1.0171584538594593e-08
5.280000000000001e-07,203.24783392282018,-0.30503911267807693,203.44150123960122,-0.3204191276186009,160.02109187293806,2.5091995924926033e-08,-9.606744008725687e-09
5.3e-07,185.06913431172106,-0.6095854261051293,185.1368392571455,-0.5837999830376078,175.00105894566943,2.518352061928825e-08,-9.04352200635548e-09
5.32e-07,160.30413465249623,-0.7298693571168159,160.1556591395669,-0.7313279298030859,184.91195149753193,2.5292798702394956e-08,-8.484331856611427e-09
5.34e-07,133.6901356754546,-0.7855030194854719,132.6715916374728,-0.7709513453035295,189.46669096330692,2.5403508987141778e-08,-7.933923883347412e-09
5.36e-07,106.0121474565868,-0.7197606592443405,106.15221983967331,-0.7319346161274514,188.53334491976142,2.5502359875430174e-08,-7.4015320399195e-09
5.380000000000001e-07,82.8604256392053,-0.6527556300317101,82.73220513077798,-0.6556952148774798,182.1389486355784,2.558106428676527e-08,-6.901994782753306e-09
5.4e-07,63.06938837147821,-0.5936122316101012,62.95745982202671,-0.584778507808881,170.46872196871686,2.563703537525607e-08,-6.453098293472744e-09
5.420000000000001e-07,45.10482028656342,-0.5609827242786493,45.939415182807636,-0.5533358054231409,153.8607042945154,2.5672722335016412e-08,-6.070290914402529e-09
5.44e-07,29.996566911868218,-0.5768686267065851,29.855687979125996,-0.579700536632946,132.79596286903458,2.569383744493444e-08,-5.76560249186192e-09
5.46e-07,12.706385875188287,-0.662412132352217,12.64950297439981,-0.6597442253773351,107.88465825182537,2.570698585130405e-08,-5.55344644174787e-09
5.48e-07,-8.364450457634002,-0.7500634829375455,-7.2640511573436735,-0.7632743653660217,79.8483704166209,2.5717334601483494e-08,-5.456737616646347e-09
5.5e-07,-29.627070702987695,-0.8558475675755831,-30.470956066036802,-0.847540514326657,49.49919749117306,2.5734341217564545e-08,-5.503359399466829e-09
5.520000000000001e-07,-55.68504407614511,-0.8826741009043853,-56.34276614498825,-0.883418278168647,17.716232551450062,2.577253357992968e-08,-5.7073293218466185e-09
5.54e-07,-82.19309835355956,-0.8800458156802335,-83.17831384885213,-0.8603540894132651,-14.579900157503404,2.5829566920394416e-08,-6.049418565939856e-09
5.560000000000001e-07,-108.40069126382673,-0.773456589829922,-108.65142288252505,-0.7753529133982654,-46.45371199108473,2.589956392045901e-08,-6.485702750015839e-09
5.58e-07,-130.51916422378014,-0.6274781494259731,-130.43191218259574,-0.6351609212966078,-76.98194723631319,2.597448256989031e-08,-6.974389593617919e-09
5.6e-07,-146.09548539662762,-0.45045297189272016,-146.80216992172805,-0.4609536239877127,-105.28032610436846,2.6046063817986617e-08,-7.488865596598892e-09
5.620000000000001e-07,-156.95932096178944,-0.30125857264774514,-157.09465355316766,-0.2835120376202067,-130.52915874784816,2.6107801711227904e-08,-8.015224693277654e-09
5.64e-07,-162.36689989581996,-0.16149507032271948,-161.8257808402027,-0.13345190489892958,-151.9970883680792,2.6156374252965e-08,-8.54662159088813e-09
5.660000000000001e-07,-162.75067121317394,-0.057434974191144135,-162.4854583304661,-0.03162614108337025,-169.0622756704365,2.6192121218718485e-08,-9.079579940112824e-09
5.68e-07,-160.50093672385782,0.019440559375191572,-161.03675732385267,0.017482010823434656,-181.2304110394831,2.6220896851643864e-08,-9.612246800420687e-09
5.7e-07,-160.09867528288217,0.05059585455744507,-159.2617355429335,0.027690329002799722,-188.14903269391806,2.625269797974923e-08,-1.014373047928335e-08
5.72e-07,-158.2344091221882,0.041525896724565844,-158.13535446025068,0.027806244360393025,-189.61773608213798,2.628301823596019e-08,-1.0673862583768163e-08
5.74e-07,-156.79483840595532,0.07358756122841964,-157.40726575326585,0.05382497426163141,-185.5939787934355,2.6311053287271128e-08,-1.1202912785041059e-08
5.760000000000001e-07,-155.47404878751715,0.1274067668108238,-155.52083182973104,0.13863116642831808,-176.19431283997065,2.6339851529677573e-08,-1.1731056938999798e-08
5.78e-07,-149.31765717315878,0.2916398135297949,-149.91259391626826,0.3019819230074456,-161.6910086152861,2.6375295102589535e-08,-1.2257723105789335e-08
5.800000000000001e-07,-137.81877515121315,0.537234249797187,-137.63544402186574,0.5436924726930613,-142.50416831965703,2.6424129348510102e-08,-1.2780839688324851e-08
5.82e-07,-116.55718098304929,0.8476169932930113,-116.16078321190338,0.8430523837990964,-119.18955729453322,2.6491524762437315e-08,-1.329520820881687e-08
5.84e-07,-84.18613642331492,1.1585599379373883,-84.16198068934057,1.1697316953199766,-92.42250574318764,2.6578802028834556e-08,-1.378726040716046e-08
5.860000000000001e-07,-41.998994739994316,1.4852445796209115,-42.077797052392725,1.4931050688852678,-62.97834713980325,2.6681937393200423e-08,-1.4217910926225517e-08
5.88e-07,8.33581919285728,1.6956837478072186,7.698045717849181,1.6945759517749752,-31.709959947312235,2.6791292490790224e-08,-1.4480425513331549e-08
5.900000000000001e-07,60.8570310876756,1.6632023569345018,61.06745764789183,1.6757261105384378,0.476936830179864,2.690058734403042e-08,-1.4409417283736057e-08
5.92e-07,112.02453948063918,1.5193221742920915,112.87902109601556,1.5000345190765423,32.65001867221542,2.7040118328561553e-08,-1.4025733352372794e-08
5.94e-07,158.3405974644835,1.224354385029486,157.8415856890418,1.220573636899036,63.87736122127554,2.7192612767729285e-08,-1.3508947911923882e-08
5.96e-07,191.12411920932928,0.8483543567222142,191.49681358785753,0.8460535107640251,93.25443437095078,2.7339220480047345e-08,-1.2954231338705401e-08
5.98e-07,211.06216716591797,0.4044808021754256,211.03044247180634,0.42122381947961174,119.93030285320496,2.7462746257393193e-08,-1.2389490690016893e-08
6.000000000000001e-07,216.30721361445777,0.003914028663126378,215.7388871980503,0.005323048313812397,143.13227439942926,2.7550494799382653e-08,-1.1822286376769966e-08
6.02e-07,206.13708872282757,-0.335803412452768,207.04917284212888,-0.34680998702523314,162.1882815175318,2.7608619073610813e-08,-1.1255151122601158e-08
6.040000000000001e-07,188.35906015740474,-0.619228712221532,188.09599645436398,-0.5969897935322503,176.54634857528748,2.7699369548771385e-08,-1.0689664001323868e-08
6.06e-07,162.91967348796018,-0.7259569631468519,162.96379976359057,-0.7309028646283604,185.79058030708958,2.7806086807700968e-08,-1.0128048507765206e-08
6.08e-07,136.08787265543532,-0.7281055075970101,135.77846552029786,-0.7594171978277574,189.65320862159783,2.791267573659577e-08,-9.574688682180923e-09
6.100000000000001e-07,109.80363253075538,-0.6990160979979498,109.86395342180539,-0.7138068783971473,188.02234876285237,2.800637861430589e-08,-9.037935095502796e-09
6.12e-07,88.02637056259208,-0.6148449836944874,87.1568245968885,-0.6362997878230193,180.94524016018562,2.8079604034628123e-08,-8.530839911709303e-09
6.140000000000001e-07,68.07288282275924,-0.5647888904366186,68.00246355190258,-0.5690902547046827,168.6268780925703,2.813044757386846e-08,-8.068712260448803e-09
6.16e-07,51.91487073740805,-0.5615555082625439,51.35885638276797,-0.5449129258415943,151.42407580257947,2.8161866762076378e-08,-7.665059140996729e-09
6.180000000000001e-07,35.326996498063416,-0.5464209572457939,35.3320297550325,-0.5800869114968438,129.8351290565394,2.8179800084848442e-08,-7.3316650918951395e-09
6.2e-07,17.708068622515174,-0.654365735618181,17.887358333040556,-0.6688579049406264,104.48538252689089,2.8190765854116984e-08,-7.084503994354574e-09
6.22e-07,-3.3273609875624786,-0.7557539474181548,-2.4572917423626053,-0.7791771111663433,76.10911608038303,2.819958172889797e-08,-6.949693964043474e-09
6.240000000000001e-07,-25.85487944279838,-0.8594957954932712,-26.138250346036696,-0.8646541141990106,45.52827565327573,2.8210296853531944e-08,-6.9600657974846234e-09
6.26e-07,-52.3830597548711,-0.8929382887706864,-52.3753509538913,-0.8948605403884523,13.628664794244582,2.824234983370979e-08,-7.1349833462512004e-09
6.280000000000001e-07,-79.52639727440379,-0.8599326494275392,-79.35723678394037,-0.8627877054187795,-18.665713490072,2.8292928362113958e-08,-7.457414417811902e-09
6.3e-07,-104.75939454001079,-0.7670573856401639,-104.71977396733722,-0.7695174244385109,-50.41942137366715,2.8355811075220902e-08,-7.88149337645828e-09
6.32e-07,-126.74936655630252,-0.6174592217782122,-126.17677118014677,-0.6239933393931738,-80.71268207036202,2.8422835577282384e-08,-8.362345206651588e-09
6.340000000000001e-07,-142.37172923634546,-0.44898357920831466,-142.12290604139744,-0.44851832673244546,-108.6680220558403,2.8485881307351013e-08,-8.871211316748144e-09
6.36e-07,-151.61262767937578,-0.26994554528493014,-152.03813224322087,-0.2740763584477567,-133.47568793491368,2.8538800562518604e-08,-9.393036147378338e-09
6.380000000000001e-07,-156.33266847485547,-0.11815620026405797,-156.57819074261346,-0.13038850638109192,-154.41710172989954,2.8578746687448088e-08,-9.920391156518597e-09
6.4e-07,-156.92702366361775,-0.027569426691569414,-157.3224416813169,-0.03645386582450946,-170.88567518505195,2.8606513750479923e-08,-1.0449507201433522e-08
6.420000000000001e-07,-156.37361312736616,0.009386745398990646,-156.24513948490042,0.0055949221626096675,-182.40438018066095,2.8626820320032987e-08,-1.0978415053194782e-08
6.44e-07,-154.8307319422453,0.0033200525952696795,-155.05431651524722,0.011786597049851936,-188.6395663127877,2.864957481872548e-08,-1.1506240525936296e-08
6.46e-07,-154.6376136901983,0.01178505862609046,-154.58274520686115,0.012367072362489882,-189.41062539914128,2.867072065511773e-08,-1.2032913694143242e-08
6.480000000000001e-07,-155.21648740209528,0.02936503641917184,-154.4068848496929,0.04354476630644769,-184.69522296933434,2.868998553192916e-08,-1.2558786711521245e-08
6.5e-07,-152.62628088162344,0.1312417029482434,-152.81384568137824,0.13706075519650548,-174.62994520436874,2.8710882367621534e-08,-1.3084009069061966e-08
6.520000000000001e-07,-147.44788201842158,0.3108837998190312,-147.14714338427888,0.3104190919404199,-159.50634258611646,2.8739551007052857e-08,-1.3607841680654025e-08
6.54e-07,-134.04763295984327,0.5445491916261935,-134.46214423656988,0.5606755162601065,-139.7624848563161,2.878269695092253e-08,-1.4127883564360636e-08
6.56e-07,-111.7674993523709,0.8665955282923663,-112.33742236490026,0.8648595758858085,-115.97027190382663,2.884513754714238e-08,-1.4638263997490913e-08
6.58e-07,-79.46582293768432,1.1904753285257603,-79.64098011403557,1.1923757081024895,-88.81886813256443,2.8927593821476834e-08,-1.512370220270574e-08
6.6e-07,-37.56546229375799,1.4983227956218375,-37.05329916784526,1.508415242592384,-59.09474014959779,2.902533160484395e-08,-1.554042462644193e-08
6.620000000000001e-07,12.973661414392145,1.6947810583807927,12.79734552757644,1.686235247889671,-27.658876001064666,2.912806438330305e-08,-1.5773259075962767e-08
6.64e-07,65.56605772129889,1.6497914643405927,65.64066886900306,1.6438343649801348,4.578154177303423,2.9234305299951678e-08,-1.566460361950452e-08
6.660000000000001e-07,115.99792657198223,1.4461142982449235,116.25809450165319,1.4542100063803791,36.68257370272958,2.936852561863298e-08,-1.526158261051138e-08
6.68e-07,159.4066899804559,1.1563995932396358,159.41593823292573,1.161382336521372,67.72444708793851,2.9513100882196805e-08,-1.4738933974327266e-08
6.7e-07,190.5610329340499,0.7616104524009412,190.82940258408772,0.7780362515434509,96.80461651980282,2.9649237543899068e-08,-1.418218214179718e-08
6.720000000000001e-07,207.6212163527196,0.3409897930494364,207.9389220792578,0.35181945458675784,123.0807468329357,2.9760195566682144e-08,-1.3616265544053219e-08
6.74e-07,209.9309926018486,-0.07634544459311951,210.32366234303657,-0.05784111621799592,145.79172456048178,2.983403563650321e-08,-1.3048141268479175e-08
6.760000000000001e-07,199.53753619582497,-0.38577476337992334,199.66274407975428,-0.3976813445997569,164.27970432004165,2.9891306172162674e-08,-1.2480320398184158e-08
6.78e-07,178.69718363991973,-0.6302003524792577,179.26185400846566,-0.6323075390467117,178.00916393988396,2.9978820765624216e-08,-1.1914615220001394e-08
6.800000000000001e-07,153.22913354800616,-0.7632589714806739,153.26485315815455,-0.7507480742370456,186.58241637535227,3.0079830377570284e-08,-1.1353848824850954e-08
6.82e-07,125.814425501868,-0.7478501561232288,125.74171224106465,-0.766983150984362,189.7511290978111,3.017853744441566e-08,-1.0803702497368786e-08
6.84e-07,100.07151328631159,-0.699357947017354,99.86819070095862,-0.7143705489150913,187.4235172859451,3.026277891515051e-08,-1.0274832411661614e-08
6.860000000000001e-07,77.6612909352794,-0.6399480990569247,77.38375465950486,-0.6356412569116172,179.66700246166425,3.0325702972367295e-08,-9.783259249112506e-09
6.88e-07,58.04460290376691,-0.5860413854644841,58.44023803473648,-0.5720143462186279,166.70625956067244,3.036611379001653e-08,-9.346642810948632e-09
6.900000000000001e-07,41.82028415657784,-0.5617323720307374,41.85385384404533,-0.5542760797001068,148.9167090061739,3.038749015378641e-08,-8.979359092968299e-09
6.92e-07,25.880319066255833,-0.6193771414446829,25.67282146441633,-0.5956805405548502,126.81364229410103,3.039600491554105e-08,-8.693315378665652e-09
6.94e-07,7.143866153301132,-0.7000059792006769,7.897352959677509,-0.6854782412237342,101.03729607775146,3.039810314127469e-08,-8.50471248548033e-09
6.960000000000001e-07,-12.909063706421634,-0.7845626461787224,-12.843311644006663,-0.7880235618953862,72.33430709540418,3.03982812952366e-08,-8.43865188946008e-09
6.98e-07,-37.13989006272694,-0.858773049942689,-36.833365952811995,-0.8618630545093563,41.53608511680588,3.041075363370975e-08,-8.521796685167747e-09
7.000000000000001e-07,-64.04451716421828,-0.8763910682492695,-63.145094095861076,-0.8833537867800947,9.534730357007552,3.044421290530889e-08,-8.760843375700052e-09
7.02e-07,-89.70501941147722,-0.8320116018678501,-89.86673266911203,-0.8446231051624122,-22.742807067097225,3.049533803448058e-08,-9.128159517931732e-09
7.040000000000001e-07,-114.9148507440303,-0.7487010395962619,-114.60925197827049,-0.7444178185040671,-54.361577141271674,3.0557541441921696e-08,-9.577975536967283e-09
7.06e-07,-135.61677635355048,-0.6126524518960792,-135.14380774738876,-0.5930654998049142,-84.40571168317277,3.062253051460871e-08,-1.007194730884574e-08
7.08e-07,-149.56316574276227,-0.4191779791050767,-149.98818536201583,-0.4149500139554386,-112.00495334793052,3.068231666906457e-08,-1.0587220222598918e-08
7.100000000000001e-07,-159.40611784638426,-0.2427504025986532,-158.77618490326037,-0.24179243178181006,-136.35986347179488,3.073109846870965e-08,-1.111216236604666e-08
7.12e-07,-162.64677570457113,-0.11002471989378054,-162.3042428046589,-0.10256020637484356,-156.76497858436738,3.076648103869388e-08,-1.1641040388636869e-08
7.140000000000001e-07,-161.91605081334401,-0.0078018782856825305,-162.23861406939395,-0.014415350698690096,-172.62924483868784,3.0789675928236684e-08,-1.217089844550146e-08
7.16e-07,-160.55541204540742,0.004923445271869883,-160.56057300698606,0.022826272915621313,-183.4931384561748,3.081008676295311e-08,-1.270016364014628e-08
7.18e-07,-159.37103746164155,0.014719941617981838,-158.90134485430295,0.027299792249194373,-189.04197627624936,3.083210167138047e-08,-1.3228145435819863e-08
7.200000000000001e-07,-157.6098990331543,0.023226224902534585,-157.95295494785333,0.030516206057408037,-189.11503085769638,3.0852075394867865e-08,-1.3754822832373359e-08
7.22e-07,-156.81005043035998,0.05602679682410883,-157.12625660734582,0.06869664393034167,-183.71018610407845,3.087021375142042e-08,-1.4280500623773552e-08
7.240000000000001e-07,-154.10475056306893,0.18059786125564656,-154.56628926796876,0.17226632071859072,-172.9839985585096,3.0890424229216966e-08,-1.48052274486196e-08
7.26e-07,-147.79447990385705,0.34535562057612923,-147.54312507662058,0.3563788866445912,-157.24716259233182,3.091902296612503e-08,-1.532813400252136e-08
7.280000000000001e-07,-132.70642997912833,0.6473625409109413,-133.1369979507419,0.6153677364884744,-136.95551084287706,3.0962591479242886e-08,-1.5846581233118613e-08
7.3e-07,-109.45900653673343,0.9229057420039581,-109.05549064554059,0.9244177566208571,-112.69681058132365,3.1025517905370665e-08,-1.6354002736038428e-08
7.32e-07,-74.68587826454164,1.243938276085432,-74.37919429358271,1.254158550838576,-85.1737384665772,3.110786583995624e-08,-1.6832780312873124e-08
7.340000000000001e-07,-30.324568313639833,1.5530801158895828,-30.041942044407623,1.5625686300949304,-55.183526837879725,3.1204158263776975e-08,-1.723162795425111e-08
7.36e-07,21.02524481155829,1.7149068985174114,21.08908059843604,1.7108219152458637,-23.59487111089829,3.130345546134523e-08,-1.7420409859296993e-08
7.380000000000001e-07,74.81559083967034,1.6512712826751488,74.5735058325329,1.6414409142784654,8.677232823153945,3.141234470995255e-08,-1.7252808557070876e-08
7.4e-07,125.55731829584741,1.4104582724143624,125.13181143324768,1.4392294880469483,40.69799233631676,3.154743000904324e-08,-1.681696841425604e-08
7.420000000000001e-07,167.47840138565573,1.160462303580771,167.59473272274317,1.1332892265988974,71.53989523429544,3.1690738373565874e-08,-1.6282315908983863e-08
7.440000000000001e-07,197.2908953139421,0.7462012190570163,197.85518333376388,0.7407674625381246,100.30957604206134,3.182353648032419e-08,-1.5720589802308102e-08
7.46e-07,213.94653252420622,0.31648709075887954,213.6068680864955,0.3125123815523823,126.17369319679668,3.19295320047618e-08,-1.5151726681584944e-08
7.480000000000001e-07,214.40227934807157,-0.07242043625751698,214.70327107788088,-0.09191903923932383,148.38306759031218,3.199751363922948e-08,-1.4581273614034176e-08
7.5e-07,203.05117475166983,-0.39986451816144375,203.06051827812485,-0.4209398797263632,166.29438326474215,3.20560069576425e-08,-1.4011306899435159e-08
7.520000000000001e-07,182.4489923060064,-0.6299176016936459,182.13555641086938,-0.6419568539913595,179.38882167997508,3.214303889120051e-08,-1.3443441410153571e-08
7.54e-07,156.2845011850942,-0.7447814802483974,156.11048945239682,-0.7471684083921464,187.2870897932368,3.2241800055082256e-08,-1.2880288453412987e-08
7.56e-07,129.14425074131006,-0.748315207455554,128.9803363377599,-0.7532957560637628,189.76040664804228,3.233680774653507e-08,-1.2327071115382489e-08
7.580000000000001e-07,103.67639662147408,-0.6886048230448958,103.75885575049809,-0.6954115630868968,186.73713023532895,3.241648953795807e-08,-1.179336129716832e-08
7.6e-07,82.6994931802159,-0.6316980508009035,81.9817387065724,-0.6167540939281619,178.30483267337783,3.247470268571966e-08,-1.1293155371641862e-08
7.620000000000001e-07,63.54979691598208,-0.573270143773881,63.60794290744274,-0.5579087893613941,164.70776359691095,3.25109033476753e-08,-1.0841629046992757e-08
7.64e-07,46.90662499768009,-0.5238269062700464,47.31851699648488,-0.548019665229927,146.33977523076604,3.252901452977042e-08,-1.045157614742501e-08
7.660000000000001e-07,31.37371735519961,-0.6030183838497783,31.113749928203838,-0.5983380127025882,123.73291408018338,3.253535549089469e-08,-1.0135140321088016e-08
7.680000000000001e-07,12.836912493676829,-0.7136527256489247,13.038638680363132,-0.6966196210790068,97.54200969046138,3.2536210076950444e-08,-9.91049863851008e-09
7.7e-07,-8.626945444604242,-0.8039098520810013,-8.1590781413027,-0.8048962270034552,68.52570687735161,3.253567517773075e-08,-9.806399711309442e-09
7.720000000000001e-07,-32.3486816084309,-0.8624094215806247,-32.60900441284711,-0.8781164904273497,37.52449084800332,3.2542667643590204e-08,-9.854796851985123e-09
7.74e-07,-59.60828736428543,-0.8899434060606116,-59.23843856956791,-0.8926326829880289,5.436341736011148,3.257067460198843e-08,-1.0067280830416303e-08
7.760000000000001e-07,-85.83595768533837,-0.8581322923273778,-86.041575692235,-0.844775178344018,-26.80927625957965,3.261592660087483e-08,-1.041724254259396e-08
7.78e-07,-110.55467926041594,-0.7564915012360507,-110.61223062340714,-0.7368931397863171,-58.27833770157515,3.2671541497385885e-08,-1.085635432976474e-08
7.8e-07,-130.90652696035224,-0.612062590027259,-130.78505167088457,-0.5811655556870755,-88.0593108626113,3.2729171571349584e-08,-1.134333473051735e-08
7.820000000000001e-07,-144.8808113920319,-0.3850866608396909,-145.20277541667915,-0.4028878585569958,-115.28956112112394,3.2781029039465e-08,-1.1853472971357436e-08
7.84e-07,-153.3206916829434,-0.24879231571985555,-153.64888052654314,-0.23371347164952344,-139.18033800546044,3.2821712140698984e-08,-1.2374168860462123e-08
7.860000000000001e-07,-157.17200047757532,-0.08722579724398005,-157.05008041576096,-0.10144393562793355,-159.03962211232485,3.284930967513552e-08,-1.289919770912641e-08
7.88e-07,-157.3670062055138,-0.04058571992765042,-157.14416979997205,-0.02120780280951797,-174.29217011647498,3.2865459593378754e-08,-1.342536205482537e-08
7.900000000000001e-07,-155.66675322895597,0.0003232338931555348,-155.90169150824005,0.009557479649787225,-184.49617724865988,3.287793473069368e-08,-1.3951009863469593e-08
7.92e-07,-154.59402098414387,0.016852525230112006,-154.8600285067917,0.011057759276542461,-189.35607459703317,3.289153369256249e-08,-1.4475495424127973e-08
7.94e-07,-154.49684627198351,0.012250381781332486,-154.55701183370945,0.01596378142137346,-188.73109054586212,3.290309506953516e-08,-1.499890256059759e-08
7.960000000000001e-07,-154.6604184653864,0.05724128543085262,-154.22990063311903,0.060363328607770994,-182.63932836120034,3.291335406795485e-08,-1.5521597744167333e-08
7.98e-07,-152.72167599088013,0.15558520688105035,-151.87949616885808,0.17321837561438344,-171.25724181231948,3.292664210012648e-08,-1.6043568221368397e-08
8.000000000000001e-07,-145.0504402956218,0.2572367885682837,-144.70481111085445,0.24960834466893297,-154.9145240180319,3.294946347960196e-08,-1.6563740957345398e-08
